# source: https://raw.githubusercontent.com/lft123454321/bead_color_matcher/main/COCO_ALL.csv (MIT License, see LICENSE-beadcolors.txt / LICENSE-bead-color-matcher.txt)
# fetched: 2026-09-03 · rows: 293 · color_type 仅标记特殊效果系列（空 = 普通色）
code,name,r,g,b,color_type
A01,A01,254,255,255,
A02,A02,253,251,255,
A03,A03,255,253,240,
A04,A04,255,245,237,
A05,A05,246,239,226,
A06,A06,245,236,210,
A07,A07,241,237,237,
A08,A08,237,237,237,
A09,A09,231,214,219,
A10,A10,238,233,234,
A11,A11,255,251,225,
A12,A12,202,202,212,
B01,B01,206,205,213,
B02,B02,207,215,211,
B03,B03,182,177,186,
B04,B04,152,166,168,
B05,B05,137,133,140,
B06,B06,72,70,78,
B07,B07,47,43,47,
B08,B08,29,20,20,
B09,B09,0,0,0,
B10,B10,148,159,163,
B11,B11,154,157,148,
C01,C01,253,78,106,
C02,C02,252,61,70,
C03,C03,247,73,65,
C04,C04,243,87,68,
C05,C05,253,84,61,
C06,C06,252,40,60,
C07,C07,231,0,47,
C08,C08,211,0,34,
C09,C09,188,0,40,
C10,C10,151,25,55,
D01,D01,251,221,153,
D02,D02,254,190,125,
D03,D03,244,215,56,
D04,D04,255,195,101,
D05,D05,254,172,76,
D06,D06,255,153,91,
D07,D07,247,124,49,
D08,D08,254,139,76,
E01,E01,255,255,213,
E02,E02,250,244,200,
E03,E03,255,255,159,
E04,E04,255,243,101,
E05,E05,254,255,139,
E06,E06,255,227,110,
E07,E07,251,237,86,
E08,E08,255,218,69,
E09,E09,255,213,104,
E10,E10,255,227,149,
E11,E11,244,245,125,
E12,E12,230,201,183,
E13,E13,247,248,162,
E14,E14,255,214,125,
E15,E15,255,200,48,
F01,F01,238,252,165,
F02,F02,202,235,123,
F03,F03,197,237,156,
F04,F04,158,247,128,
F05,F05,230,238,49,
F06,F06,173,233,70,
F07,F07,230,238,73,
F08,F08,99,243,71,
F09,F09,93,224,53,
F10,F10,53,227,82,
F11,F11,28,156,79,
F12,F12,22,111,65,
F13,F13,155,177,58,
F14,F14,93,114,42,
F15,F15,46,81,50,
F16,F16,39,82,58,
F17,F17,48,58,33,
F18,F18,78,132,109,
F19,F19,141,122,53,
F20,F20,204,225,175,
F21,F21,158,119,185,
F22,F22,197,226,84,
F23,F23,226,252,177,
F24,F24,176,231,146,
F25,F25,156,171,90,
G01,G01,232,255,231,
G02,G02,194,240,204,
G03,G03,149,211,194,
G04,G04,101,226,166,
G05,G05,61,175,128,
G06,G06,36,184,140,
G07,G07,21,106,107,
G08,G08,11,60,67,
GB1,GB1,218,171,179,pearl
GB2,GB2,214,170,135,pearl
GB3,GB3,193,189,141,pearl
GB4,GB4,150,182,159,pearl
GB5,GB5,132,157,198,pearl
GB6,GB6,148,191,226,pearl
GB7,GB7,226,169,210,pearl
GB8,GB8,171,145,192,pearl
H01,H01,205,232,255,
H02,H02,213,253,255,
H03,H03,169,249,252,
H04,H04,160,226,251,
H05,H05,65,204,255,
H06,H06,190,221,255,
H07,H07,1,172,235,
H08,H08,80,170,240,
H09,H09,62,188,226,
H10,H10,40,221,222,
H11,H11,34,196,198,
H12,H12,24,135,162,
H13,H13,54,119,210,
H14,H14,15,84,192,
H15,H15,47,84,175,
H16,H16,50,75,202,
H17,H17,23,109,175,
H18,H18,21,84,168,
H19,H19,4,209,246,
H20,H20,24,42,132,
H21,H21,51,58,149,
H22,H22,47,31,144,
H23,H23,28,51,77,
H24,H24,29,51,68,
H25,H25,103,180,190,
H26,H26,200,226,255,
H27,H27,124,196,255,
H28,H28,169,229,229,
H29,H29,60,174,216,
H30,H30,211,223,250,
H31,H31,187,207,237,
H32,H32,52,72,142,
J01,J01,227,225,238,
J02,J02,235,218,252,
J03,J03,226,211,255,
J04,J04,213,185,248,
J05,J05,196,212,246,
J06,J06,185,186,225,
J07,J07,172,180,242,
J08,J08,133,142,221,
J09,J09,216,195,215,
J10,J10,222,154,212,
J11,J11,172,123,222,
J12,J12,184,67,197,
J13,J13,164,94,199,
J14,J14,185,0,149,
J15,J15,136,84,179,
J16,J16,139,39,155,
J17,J17,156,50,178,
J18,J18,154,0,155,
J19,J19,54,27,81,
J20,J20,119,134,229,
J21,J21,73,79,199,
J22,J22,223,194,248,
K01,K01,255,243,235,
K02,K02,252,221,210,
K03,K03,253,211,204,
K04,K04,248,199,201,
K05,K05,255,209,186,
K06,K06,254,194,166,
K07,K07,255,169,173,
K08,K08,253,149,123,
K09,K09,254,159,114,
K10,K10,253,124,114,
K11,K11,255,226,234,
K12,K12,255,219,233,
K13,K13,255,199,219,
K14,K14,254,186,213,
K15,K15,254,192,223,
K16,K16,247,143,195,
K17,K17,255,183,231,
K18,K18,233,112,204,
K19,K19,245,81,162,
K20,K20,226,103,122,
K21,K21,232,100,158,
K22,K22,241,61,116,
K23,K23,211,55,147,
K24,K24,181,0,109,
K25,K25,198,52,120,
K26,K26,216,199,209,
K27,K27,189,157,161,
K28,K28,183,133,161,
K29,K29,147,122,141,
K30,K30,225,188,232,
K31,K31,230,156,121,
K32,K32,211,124,70,
K33,K33,193,68,74,
K34,K34,205,147,145,
K35,K35,247,180,198,
K36,K36,253,192,208,
K37,K37,246,126,102,
K38,K38,230,152,170,
K39,K39,229,75,79,
L01,L01,213,13,33,
L02,L02,249,47,131,
L03,L03,253,131,36,
L04,L04,248,236,49,
L05,L05,53,199,91,
L06,L06,35,184,145,
L07,L07,25,119,157,
L08,L08,26,96,195,
L09,L09,154,86,180,
L10,L10,255,219,76,
L11,L11,255,235,250,
L12,L12,216,213,206,
L13,L13,85,81,76,
L14,L14,255,255,255,
M01,M01,252,247,248,
M02,M02,176,169,172,
M03,M03,175,220,171,
M04,M04,254,164,159,
M05,M05,238,140,62,
M06,M06,95,208,167,
M07,M07,235,146,112,
M08,M08,240,217,88,
M09,M09,217,217,217,
M10,M10,217,199,234,
M11,M11,243,236,201,
M12,M12,230,238,142,
M13,M13,170,203,239,
M14,M14,51,118,176,
M15,M15,102,133,117,
M16,M16,254,191,69,
M17,M17,254,163,36,
M18,M18,254,184,159,
M19,M19,255,224,233,
M20,M20,236,190,191,
M21,M21,254,192,207,
M22,M22,228,168,159,
M23,M23,165,98,104,
N01,N01,253,111,180,
N02,N02,254,180,129,
N03,N03,215,250,160,
N04,N04,139,219,250,
N05,N05,233,135,234,
S1,S1,159,228,223,
S10,S10,254,184,114,
S11,S11,243,193,192,
S12,S12,201,103,94,
S13,S13,210,147,190,
S14,S14,234,140,177,
S15,S15,156,135,214,
S2,S2,119,206,233,
S3,S3,62,207,202,
S4,S4,74,134,122,
S5,S5,127,205,157,
S6,S6,205,229,93,
S7,S7,232,199,180,
S8,S8,173,111,60,
S9,S9,108,55,47,
W1,W1,255,255,0,
W2,W2,255,235,250,
W3,W3,242,165,232,
W4,W4,233,236,145,
W5,W5,118,206,222,
Y01,Y01,188,198,184,
Y02,Y02,138,163,134,
Y03,Y03,105,125,128,
Y04,Y04,227,210,188,
Y05,Y05,208,204,170,
Y06,Y06,176,167,130,
Y07,Y07,180,164,151,
Y08,Y08,179,130,129,
Y09,Y09,165,135,103,
Y10,Y10,197,178,188,
Y11,Y11,159,117,148,
Y12,Y12,100,71,73,
Y13,Y13,209,144,102,
Y14,Y14,199,115,98,
Y15,Y15,117,125,123,
Z01,Z01,255,228,204,
Z02,Z02,255,226,206,
Z03,Z03,252,249,224,
Z04,Z04,242,217,186,
Z05,Z05,255,196,170,
Z06,Z06,244,195,165,
Z07,Z07,224,197,147,
Z08,Z08,225,179,131,
Z09,Z09,230,180,131,
Z10,Z10,237,176,69,
Z11,Z11,233,156,23,
Z12,Z12,224,121,53,
Z13,Z13,255,200,144,
Z14,Z14,183,113,74,
Z15,Z15,217,140,57,
Z16,Z16,123,82,75,
Z17,Z17,141,97,76,
Z18,Z18,157,91,62,
Z19,Z19,169,64,35,
Z20,Z20,138,69,38,
Z21,Z21,148,54,48,
Z22,Z22,117,59,50,
Z23,Z23,90,33,33,
Z24,Z24,184,133,88,
圣诞红,圣诞红,218,24,74,
圣诞绿,圣诞绿,36,166,5,
